{"initial_reset_timestamp": 1644143974.3806896, "timestamps": [1644143980.8235857], "episode_lengths": [1014], "episode_rewards": [-21.0], "episode_types": ["t"]}